axe,modalite,poste,pm
quintile_revenu,QU1,CP01111,0.45853556339257645
quintile_revenu,QU1,CP01112,0.19651524145396135
quintile_revenu,QU1,CP01113,19.997765285100733
quintile_revenu,QU1,CP01114,0.860923914941164
quintile_revenu,QU1,CP01115,1.6001955375536852
quintile_revenu,QU1,CP01119,0.4491776947519116
quintile_revenu,QU1,CP01121,0.0
quintile_revenu,QU1,CP01122,15.824155871364221
quintile_revenu,QU1,CP01123,7.813820314955129
quintile_revenu,QU1,CP01124,0.4398198261112468
quintile_revenu,QU1,CP01125,7.3178532769998945
quintile_revenu,QU1,CP01131,4.070672858689199
quintile_revenu,QU1,CP01132,1.0387234191137957
quintile_revenu,QU1,CP01133,1.3381752156150701
quintile_revenu,QU1,CP01134,1.188449317364433
quintile_revenu,QU1,CP01135,0.0
quintile_revenu,QU1,CP01136,0.0
quintile_revenu,QU1,CP01137,0.0
quintile_revenu,QU1,CP01141,0.215230978735291
quintile_revenu,QU1,CP01142,2.13359405007158
quintile_revenu,QU1,CP01143,1.0106498131918011
quintile_revenu,QU1,CP01144,0.14972589825063723
quintile_revenu,QU1,CP01145,10.611823038513913
quintile_revenu,QU1,CP01146,2.273962079681553
quintile_revenu,QU1,CP01147,1.8996473340549596
quintile_revenu,QU1,CP01148,1.3101016096930755
quintile_revenu,QU1,CP01149,0.0
quintile_revenu,QU1,CP01151,1.08551276231712
quintile_revenu,QU1,CP01152,1.5534061943503612
quintile_revenu,QU1,CP01153,0.5521142497992247
quintile_revenu,QU1,CP01159,0.0
quintile_revenu,QU1,CP01161,1.7312056985229929
quintile_revenu,QU1,CP01162,1.9183630713362894
quintile_revenu,QU1,CP01163,3.602779426655958
quintile_revenu,QU1,CP01164,0.38367261426725785
quintile_revenu,QU1,CP01165,1.9090052026956246
quintile_revenu,QU1,CP01166,0.03743147456265931
quintile_revenu,QU1,CP01167,0.06550508048465378
quintile_revenu,QU1,CP01168,1.3007437410524108
quintile_revenu,QU1,CP01169,0.215230978735291
quintile_revenu,QU1,CP01171,2.461119452494849
quintile_revenu,QU1,CP01172,3.705715981703271
quintile_revenu,QU1,CP01173,0.1777995041726317
quintile_revenu,QU1,CP01174,2.470477321135514
quintile_revenu,QU1,CP01175,2.1148783127902506
quintile_revenu,QU1,CP01176,0.973218338629142
quintile_revenu,QU1,CP01177,0.0
quintile_revenu,QU1,CP01178,0.28073605921994477
quintile_revenu,QU1,CP01179,1.9932260204616077
quintile_revenu,QU1,CP01181,0.4023883515485875
quintile_revenu,QU1,CP01182,0.06550508048465378
quintile_revenu,QU1,CP01183,1.890289465414295
quintile_revenu,QU1,CP01184,0.0
quintile_revenu,QU1,CP01185,5.253965424402866
quintile_revenu,QU1,CP01186,1.618911274835015
quintile_revenu,QU1,CP01189,2.208456999196899
quintile_revenu,QU1,CP01191,9.80704633541674
quintile_revenu,QU1,CP01192,1.0480812877544605
quintile_revenu,QU1,CP01193,1.7312056985229929
quintile_revenu,QU1,CP01194,0.486609169314571
quintile_revenu,QU1,CP01199,0.7954188344565102
quintile_revenu,QU1,CP01210,1.9838056680161944
quintile_revenu,QU1,CP01220,2.6639676113360324
quintile_revenu,QU1,CP01230,0.7935222672064778
quintile_revenu,QU1,CP01240,0.0
quintile_revenu,QU1,CP01250,2.396761133603239
quintile_revenu,QU1,CP01260,2.380566801619433
quintile_revenu,QU1,CP01290,0.7418389718841255
quintile_revenu,QU1,CP01300,0.0
quintile_revenu,QU1,CP02110,4.09700427960057
quintile_revenu,QU1,CP02121,5.215406562054208
quintile_revenu,QU1,CP02122,0.09129814550641939
quintile_revenu,QU1,CP02130,2.5962910128388015
quintile_revenu,QU1,CP02190,0.0
quintile_revenu,QU1,CP02200,0.0
quintile_revenu,QU1,CP02301,8.520309662620663
quintile_revenu,QU1,CP02302,0.3121475676192296
quintile_revenu,QU1,CP02309,1.2969511612348277
quintile_revenu,QU1,CP02400,0.0
quintile_revenu,QU1,CP03110,0.0
quintile_revenu,QU1,CP03121,10.474598990214913
quintile_revenu,QU1,CP03122,14.137169920915062
quintile_revenu,QU1,CP03123,0.9643000759572853
quintile_revenu,QU1,CP03124,0.0
quintile_revenu,QU1,CP03131,2.795585541307359
quintile_revenu,QU1,CP03132,0.3007908493811715
quintile_revenu,QU1,CP03141,0.9908404450203296
quintile_revenu,QU1,CP03142,0.1769357937536303
quintile_revenu,QU1,CP03211,3.434807581849512
quintile_revenu,QU1,CP03212,5.548535324526134
quintile_revenu,QU1,CP03213,1.3115714098698175
quintile_revenu,QU1,CP03220,0.27570361860999426
quintile_revenu,QU1,CP04110,175.0
quintile_revenu,QU1,CP04121,0.0
quintile_revenu,QU1,CP04122,0.0
quintile_revenu,QU1,CP04210,34.5
quintile_revenu,QU1,CP04220,34.5
quintile_revenu,QU1,CP04311,1.3727159562895888
quintile_revenu,QU1,CP04312,0.0
quintile_revenu,QU1,CP04320,17.61797714451952
quintile_revenu,QU1,CP04411,8.376340968396638
quintile_revenu,QU1,CP04412,0.0
quintile_revenu,QU1,CP04420,8.141490287039723
quintile_revenu,QU1,CP04431,10.66613511162656
quintile_revenu,QU1,CP04432,0.0
quintile_revenu,QU1,CP04441,5.22542766019136
quintile_revenu,QU1,CP04449,0.1369962307915338
quintile_revenu,QU1,CP04510,29.687024353120243
quintile_revenu,QU1,CP04521,11.67808219178082
quintile_revenu,QU1,CP04522,1.9254185692541856
quintile_revenu,QU1,CP04530,7.890030441400304
quintile_revenu,QU1,CP04541,0.0
quintile_revenu,QU1,CP04542,1.3917427701674276
quintile_revenu,QU1,CP04543,0.3453196347031964
quintile_revenu,QU1,CP04549,0.0
quintile_revenu,QU1,CP04550,2.08238203957382
quintile_revenu,QU1,CP05111,5.440462942354775
quintile_revenu,QU1,CP05112,0.12819942132205656
quintile_revenu,QU1,CP05113,0.12419318940574228
quintile_revenu,QU1,CP05114,0.22059270576631818
quintile_revenu,QU1,CP05120,0.9139333895711671
quintile_revenu,QU1,CP05211,0.38213399503722084
quintile_revenu,QU1,CP05212,0.6650124069478908
quintile_revenu,QU1,CP05213,0.5607940446650124
quintile_revenu,QU1,CP05219,0.3920595533498759
quintile_revenu,QU1,CP05220,0.0
quintile_revenu,QU1,CP05311,2.4039013195639707
quintile_revenu,QU1,CP05312,0.6712564543889845
quintile_revenu,QU1,CP05313,0.4475043029259897
quintile_revenu,QU1,CP05314,0.2696500286861732
quintile_revenu,QU1,CP05319,0.0
quintile_revenu,QU1,CP05321,0.617532426428255
quintile_revenu,QU1,CP05322,0.08879551229687327
quintile_revenu,QU1,CP05329,0.1663798049340218
quintile_revenu,QU1,CP05330,0.5393000573723464
quintile_revenu,QU1,CP05401,0.4716870986573264
quintile_revenu,QU1,CP05402,0.46701692936368944
quintile_revenu,QU1,CP05403,0.8569760653823701
quintile_revenu,QU1,CP05404,0.0
quintile_revenu,QU1,CP05510,0.8697547683923706
quintile_revenu,QU1,CP05521,0.5297002724795641
quintile_revenu,QU1,CP05522,0.8632152588555859
quintile_revenu,QU1,CP05530,1.1247956403269754
quintile_revenu,QU1,CP05611,6.785017957927143
quintile_revenu,QU1,CP05619,3.5761746711740514
quintile_revenu,QU1,CP05621,1.9702411493073375
quintile_revenu,QU1,CP05629,0.34479220112878406
quintile_revenu,QU1,CP06111,8.212952134971927
quintile_revenu,QU1,CP06112,0.0
quintile_revenu,QU1,CP06121,0.06831475897850955
quintile_revenu,QU1,CP06122,0.03082851637764933
quintile_revenu,QU1,CP06123,0.3452793834296725
quintile_revenu,QU1,CP06131,2.214811690993053
quintile_revenu,QU1,CP06132,0.49325626204238926
quintile_revenu,QU1,CP06133,0.14797687861271677
quintile_revenu,QU1,CP06140,0.0
quintile_revenu,QU1,CP06211,0.0
quintile_revenu,QU1,CP06219,0.4461828796061095
quintile_revenu,QU1,CP06221,0.31352235550708835
quintile_revenu,QU1,CP06229,2.67648737295739
quintile_revenu,QU1,CP06231,3.4023991275899674
quintile_revenu,QU1,CP06232,0.0
quintile_revenu,QU1,CP06310,0.4011976047904192
quintile_revenu,QU1,CP06320,0.08982035928143713
quintile_revenu,QU1,CP06410,0.47478434624752675
quintile_revenu,QU1,CP06420,0.1156433658132679
quintile_revenu,QU1,CP07111,19.48574100046751
quintile_revenu,QU1,CP07112,10.464703132304816
quintile_revenu,QU1,CP07120,1.2043010752688172
quintile_revenu,QU1,CP07130,0.8452547919588592
quintile_revenu,QU1,CP07140,0.0
quintile_revenu,QU1,CP07211,0.26283589656920736
quintile_revenu,QU1,CP07212,1.2363021801588643
quintile_revenu,QU1,CP07213,1.8911743119335738
quintile_revenu,QU1,CP07221,11.447963495014365
quintile_revenu,QU1,CP07222,7.880209565658274
quintile_revenu,QU1,CP07223,0.04867331417948285
quintile_revenu,QU1,CP07224,0.6570897414230185
quintile_revenu,QU1,CP07230,17.69761703565996
quintile_revenu,QU1,CP07241,1.781443298969072
quintile_revenu,QU1,CP07242,3.003143484874091
quintile_revenu,QU1,CP07243,2.628358965692074
quintile_revenu,QU1,CP07244,0.7544363697819841
quintile_revenu,QU1,CP07311,4.548282566429035
quintile_revenu,QU1,CP07312,0.49902786779001945
quintile_revenu,QU1,CP07321,4.605314322747894
quintile_revenu,QU1,CP07322,1.3402462734931953
quintile_revenu,QU1,CP07323,0.0
quintile_revenu,QU1,CP07329,0.0
quintile_revenu,QU1,CP07331,2.2598833441348023
quintile_revenu,QU1,CP07332,6.41607258587168
quintile_revenu,QU1,CP07340,0.28515878159429686
quintile_revenu,QU1,CP07350,1.482825664290344
quintile_revenu,QU1,CP07360,0.0
quintile_revenu,QU1,CP07411,0.7388535031847134
quintile_revenu,QU1,CP07412,0.2611464968152866
quintile_revenu,QU1,CP07491,0.49902786779001945
quintile_revenu,QU1,CP07492,0.0
quintile_revenu,QU1,CP08110,0.148493543758967
quintile_revenu,QU1,CP08120,2.2274031563845056
quintile_revenu,QU1,CP08131,2.3662635464111825
quintile_revenu,QU1,CP08132,1.208494458336872
quintile_revenu,QU1,CP08140,1.9167582849065492
quintile_revenu,QU1,CP08150,0.37317417936233704
quintile_revenu,QU1,CP08191,0.0
quintile_revenu,QU1,CP08192,0.08481231349144025
quintile_revenu,QU1,CP08200,0.0
quintile_revenu,QU1,CP08310,2.183031604786745
quintile_revenu,QU1,CP08320,15.851948450444922
quintile_revenu,QU1,CP08330,3.3932978017925564
quintile_revenu,QU1,CP08340,9.331389996931575
quintile_revenu,QU1,CP08350,2.8232131045399185
quintile_revenu,QU1,CP08391,0.0
quintile_revenu,QU1,CP08392,4.26879655940404
quintile_revenu,QU1,CP08399,0.0
quintile_revenu,QU1,CP09111,0.39013664206062515
quintile_revenu,QU1,CP09112,0.07633108214229621
quintile_revenu,QU1,CP09113,0.0
quintile_revenu,QU1,CP09121,0.282279792746114
quintile_revenu,QU1,CP09122,0.0
quintile_revenu,QU1,CP09123,0.25616580310880827
quintile_revenu,QU1,CP09124,0.0
quintile_revenu,QU1,CP09129,0.08082901554404144
quintile_revenu,QU1,CP09211,1.5874141369377353
quintile_revenu,QU1,CP09212,3.3263904276534455
quintile_revenu,QU1,CP09213,0.0
quintile_revenu,QU1,CP09221,2.431836322567262
quintile_revenu,QU1,CP09222,1.2523820075337913
quintile_revenu,QU1,CP09311,1.4757367604697542
quintile_revenu,QU1,CP09312,3.2147130511854645
quintile_revenu,QU1,CP09321,0.26323953024595614
quintile_revenu,QU1,CP09322,3.2067360957234645
quintile_revenu,QU1,CP09410,0.0
quintile_revenu,QU1,CP09421,0.0
quintile_revenu,QU1,CP09422,0.676641996806275
quintile_revenu,QU1,CP09431,0.0
quintile_revenu,QU1,CP09432,0.0
quintile_revenu,QU1,CP09440,0.16180611820142998
quintile_revenu,QU1,CP09450,1.8210445586670172
quintile_revenu,QU1,CP09461,2.0459258121496045
quintile_revenu,QU1,CP09462,4.932340066047154
quintile_revenu,QU1,CP09463,1.426618539282697
quintile_revenu,QU1,CP09470,0.0
quintile_revenu,QU1,CP09510,0.029844559585492224
quintile_revenu,QU1,CP09520,0.7717920527721062
quintile_revenu,QU1,CP09610,6.303663313109593
quintile_revenu,QU1,CP09620,2.5988787343522004
quintile_revenu,QU1,CP09630,1.3934413639505414
quintile_revenu,QU1,CP09690,0.5820203532247117
quintile_revenu,QU1,CP09711,0.7187777497297734
quintile_revenu,QU1,CP09719,2.1721305623701945
quintile_revenu,QU1,CP09721,1.675382739466197
quintile_revenu,QU1,CP09722,2.582576886600732
quintile_revenu,QU1,CP09730,0.5340739737162986
quintile_revenu,QU1,CP09740,2.092399403874814
quintile_revenu,QU1,CP09800,0.0
quintile_revenu,QU1,CP10101,0.0
quintile_revenu,QU1,CP10102,0.0
quintile_revenu,QU1,CP10200,0.0
quintile_revenu,QU1,CP10300,0.0
quintile_revenu,QU1,CP10400,6.0
quintile_revenu,QU1,CP10501,1.129297075423294
quintile_revenu,QU1,CP10509,0.0
quintile_revenu,QU1,CP11111,37.53687284910748
quintile_revenu,QU1,CP11112,0.96669942340904
quintile_revenu,QU1,CP11121,5.21853338197738
quintile_revenu,QU1,CP11129,5.148485954031376
quintile_revenu,QU1,CP11201,1.968286445012788
quintile_revenu,QU1,CP11202,1.7677749360613815
quintile_revenu,QU1,CP11203,0.26393861892583126
quintile_revenu,QU1,CP11209,0.0
quintile_revenu,QU1,CP12110,0.0
quintile_revenu,QU1,CP12120,38.12614678899082
quintile_revenu,QU1,CP12130,16.20412844036697
quintile_revenu,QU1,CP12141,17.6697247706422
quintile_revenu,QU1,CP12142,0.0
quintile_revenu,QU1,CP12190,0.0
quintile_revenu,QU1,CP12210,0.0
quintile_revenu,QU1,CP12220,6.0
quintile_revenu,QU1,CP12291,0.0
quintile_revenu,QU1,CP12299,0.0
quintile_revenu,QU1,CP13111,0.6671362163685026
quintile_revenu,QU1,CP13112,0.0
quintile_revenu,QU1,CP13120,17.994647133399074
quintile_revenu,QU1,CP13131,6.409916889702775
quintile_revenu,QU1,CP13132,2.010424003380758
quintile_revenu,QU1,CP13211,0.9864959663276045
quintile_revenu,QU1,CP13212,0.04577341283760084
quintile_revenu,QU1,CP13220,0.0
quintile_revenu,QU1,CP13291,0.8570676955454227
quintile_revenu,QU1,CP13292,0.0
quintile_revenu,QU1,CP13301,0.33549432739059964
quintile_revenu,QU1,CP13302,2.6807131280388976
quintile_revenu,QU1,CP13303,0.9837925445705025
quintile_revenu,QU1,CP13309,0.0
quintile_revenu,QU1,CP13901,0.0
quintile_revenu,QU1,CP13902,0.0
quintile_revenu,QU1,CP13909,9.861074705111402
quintile_revenu,QU2,CP01111,0.47222319215056385
quintile_revenu,QU2,CP01112,0.20238136806452736
quintile_revenu,QU2,CP01113,20.594713502566428
quintile_revenu,QU2,CP01114,0.8866231362826914
quintile_revenu,QU2,CP01115,1.647962568525437
quintile_revenu,QU2,CP01119,0.4625859841474911
quintile_revenu,QU2,CP01121,0.0
quintile_revenu,QU2,CP01122,16.296518733195988
quintile_revenu,QU2,CP01123,8.047068682565731
quintile_revenu,QU2,CP01124,0.45294877614441836
quintile_revenu,QU2,CP01125,7.536296658402876
quintile_revenu,QU2,CP01131,4.1921854813366375
quintile_revenu,QU2,CP01132,1.0697300883410732
quintile_revenu,QU2,CP01133,1.3781207444394006
quintile_revenu,QU2,CP01134,1.2239254163902369
quintile_revenu,QU2,CP01135,0.0
quintile_revenu,QU2,CP01136,0.0
quintile_revenu,QU2,CP01137,0.0
quintile_revenu,QU2,CP01141,0.22165578407067285
quintile_revenu,QU2,CP01142,2.197283424700583
quintile_revenu,QU2,CP01143,1.0408184643318552
quintile_revenu,QU2,CP01144,0.15419532804916372
quintile_revenu,QU2,CP01145,10.928593875484479
quintile_revenu,QU2,CP01146,2.341841544746674
quintile_revenu,QU2,CP01147,1.9563532246237645
quintile_revenu,QU2,CP01148,1.3492091204301824
quintile_revenu,QU2,CP01149,0.0
quintile_revenu,QU2,CP01151,1.1179161283564367
quintile_revenu,QU2,CP01152,1.5997765285100733
quintile_revenu,QU2,CP01153,0.5685952721812911
quintile_revenu,QU2,CP01159,0.0
quintile_revenu,QU2,CP01161,1.7828834805684555
quintile_revenu,QU2,CP01162,1.9756276406299098
quintile_revenu,QU2,CP01163,3.710325081183002
quintile_revenu,QU2,CP01164,0.395125528125982
quintile_revenu,QU2,CP01165,1.9659904326268371
quintile_revenu,QU2,CP01166,0.03854883201229093
quintile_revenu,QU2,CP01167,0.06746045602150912
quintile_revenu,QU2,CP01168,1.3395719124271097
quintile_revenu,QU2,CP01169,0.22165578407067285
quintile_revenu,QU2,CP01171,2.534585704808128
quintile_revenu,QU2,CP01172,3.816334369216802
quintile_revenu,QU2,CP01173,0.1831069520583819
quintile_revenu,QU2,CP01174,2.5442229128112013
quintile_revenu,QU2,CP01175,2.1780090086944375
quintile_revenu,QU2,CP01176,1.0022696323195641
quintile_revenu,QU2,CP01177,0.0
quintile_revenu,QU2,CP01178,0.28911624009218195
quintile_revenu,QU2,CP01179,2.052725304654492
quintile_revenu,QU2,CP01181,0.41439994413212744
quintile_revenu,QU2,CP01182,0.06746045602150912
quintile_revenu,QU2,CP01183,1.9467160166206916
quintile_revenu,QU2,CP01184,0.0
quintile_revenu,QU2,CP01185,4.963085501170299
quintile_revenu,QU2,CP01186,1.6672369845315826
quintile_revenu,QU2,CP01189,2.2743810887251645
quintile_revenu,QU2,CP01191,10.099793987220222
quintile_revenu,QU2,CP01192,1.0793672963441459
quintile_revenu,QU2,CP01193,1.7828834805684555
quintile_revenu,QU2,CP01194,0.5011348161597821
quintile_revenu,QU2,CP01199,0.8191626802611821
quintile_revenu,QU2,CP01210,1.6786047960137032
quintile_revenu,QU2,CP01220,2.254126440361258
quintile_revenu,QU2,CP01230,0.6714419184054812
quintile_revenu,QU2,CP01240,0.0
quintile_revenu,QU2,CP01250,2.028028651510433
quintile_revenu,QU2,CP01260,2.014325755216443
quintile_revenu,QU2,CP01290,0.700767886377866
quintile_revenu,QU2,CP01300,0.0
quintile_revenu,QU2,CP02110,4.09700427960057
quintile_revenu,QU2,CP02121,5.215406562054208
quintile_revenu,QU2,CP02122,0.09129814550641939
quintile_revenu,QU2,CP02130,2.5962910128388015
quintile_revenu,QU2,CP02190,0.0
quintile_revenu,QU2,CP02200,0.0
quintile_revenu,QU2,CP02301,6.297620185415273
quintile_revenu,QU2,CP02302,0.230717767370735
quintile_revenu,QU2,CP02309,0.9586160756953074
quintile_revenu,QU2,CP02400,0.0
quintile_revenu,QU2,CP03110,0.0
quintile_revenu,QU2,CP03121,9.204950627764621
quintile_revenu,QU2,CP03122,12.42357356686475
quintile_revenu,QU2,CP03123,0.847415218265493
quintile_revenu,QU2,CP03124,0.0
quintile_revenu,QU2,CP03131,2.4567266878155576
quintile_revenu,QU2,CP03132,0.2643313524864841
quintile_revenu,QU2,CP03141,0.8707385728966535
quintile_revenu,QU2,CP03142,0.1554890308744024
quintile_revenu,QU2,CP03211,2.7478460654796097
quintile_revenu,QU2,CP03212,4.438828259620908
quintile_revenu,QU2,CP03213,1.0942149045814353
quintile_revenu,QU2,CP03220,0.2205628948879954
quintile_revenu,QU2,CP04110,112.0
quintile_revenu,QU2,CP04121,0.0
quintile_revenu,QU2,CP04122,0.0
quintile_revenu,QU2,CP04210,62.5
quintile_revenu,QU2,CP04220,62.5
quintile_revenu,QU2,CP04311,1.8489879762670873
quintile_revenu,QU2,CP04312,0.0
quintile_revenu,QU2,CP04320,16.55894701137952
quintile_revenu,QU2,CP04411,6.887213685126125
quintile_revenu,QU2,CP04412,0.0
quintile_revenu,QU2,CP04420,6.694114236010439
quintile_revenu,QU2,CP04431,8.76993331400406
quintile_revenu,QU2,CP04432,0.0
quintile_revenu,QU2,CP04441,4.296462742824007
quintile_revenu,QU2,CP04449,0.11264134531748335
quintile_revenu,QU2,CP04510,28.06773211567732
quintile_revenu,QU2,CP04521,11.04109589041096
quintile_revenu,QU2,CP04522,1.8203957382039575
quintile_revenu,QU2,CP04530,7.45966514459665
quintile_revenu,QU2,CP04541,0.0
quintile_revenu,QU2,CP04542,1.3158295281582952
quintile_revenu,QU2,CP04543,0.3264840182648402
quintile_revenu,QU2,CP04549,0.0
quintile_revenu,QU2,CP04550,1.9687975646879756
quintile_revenu,QU2,CP05111,6.044958824838639
quintile_revenu,QU2,CP05112,0.14244380146895175
quintile_revenu,QU2,CP05113,0.13799243267304698
quintile_revenu,QU2,CP05114,0.23817561251014188
quintile_revenu,QU2,CP05120,0.9963264216830311
quintile_revenu,QU2,CP05211,0.38213399503722084
quintile_revenu,QU2,CP05212,0.6650124069478908
quintile_revenu,QU2,CP05213,0.5607940446650124
quintile_revenu,QU2,CP05219,0.3920595533498759
quintile_revenu,QU2,CP05220,0.0
quintile_revenu,QU2,CP05311,3.3654618473895583
quintile_revenu,QU2,CP05312,0.9397590361445782
quintile_revenu,QU2,CP05313,0.6265060240963856
quintile_revenu,QU2,CP05314,0.3775100401606426
quintile_revenu,QU2,CP05319,0.0
quintile_revenu,QU2,CP05321,0.7930918068069125
quintile_revenu,QU2,CP05322,0.1140393447696214
quintile_revenu,QU2,CP05329,0.2329317269076305
quintile_revenu,QU2,CP05330,0.7550200803212852
quintile_revenu,QU2,CP05401,0.4716870986573264
quintile_revenu,QU2,CP05402,0.46701692936368944
quintile_revenu,QU2,CP05403,0.8569760653823701
quintile_revenu,QU2,CP05404,0.0
quintile_revenu,QU2,CP05510,1.304632152588556
quintile_revenu,QU2,CP05521,0.7945504087193461
quintile_revenu,QU2,CP05522,1.2948228882833788
quintile_revenu,QU2,CP05530,1.6871934604904635
quintile_revenu,QU2,CP05611,7.350436121087737
quintile_revenu,QU2,CP05619,3.568371792674231
quintile_revenu,QU2,CP05621,2.1344279117496154
quintile_revenu,QU2,CP05629,0.37352488455618277
quintile_revenu,QU2,CP06111,9.696818651491256
quintile_revenu,QU2,CP06112,0.0
quintile_revenu,QU2,CP06121,0.08065745643569436
quintile_revenu,QU2,CP06122,0.034682080924855495
quintile_revenu,QU2,CP06123,0.3884393063583816
quintile_revenu,QU2,CP06131,2.4352355830932457
quintile_revenu,QU2,CP06132,0.5549132947976879
quintile_revenu,QU2,CP06133,0.1664739884393064
quintile_revenu,QU2,CP06140,0.0
quintile_revenu,QU2,CP06211,0.0
quintile_revenu,QU2,CP06219,0.5312428577958587
quintile_revenu,QU2,CP06221,0.4389312977099236
quintile_revenu,QU2,CP06229,3.2367162335083615
quintile_revenu,QU2,CP06231,4.763358778625954
quintile_revenu,QU2,CP06232,0.0
quintile_revenu,QU2,CP06310,0.4011976047904192
quintile_revenu,QU2,CP06320,0.08982035928143713
quintile_revenu,QU2,CP06410,0.565296887141747
quintile_revenu,QU2,CP06420,0.11670878879149088
quintile_revenu,QU2,CP07111,24.966105656848992
quintile_revenu,QU2,CP07112,13.407900888265544
quintile_revenu,QU2,CP07120,1.5430107526881722
quintile_revenu,QU2,CP07130,1.0829827021972884
quintile_revenu,QU2,CP07140,0.0
quintile_revenu,QU2,CP07211,0.28473888794997465
quintile_revenu,QU2,CP07212,1.3393273618387698
quintile_revenu,QU2,CP07213,1.8087223824653147
quintile_revenu,QU2,CP07221,12.401960452932228
quintile_revenu,QU2,CP07222,8.536893696129797
quintile_revenu,QU2,CP07223,0.052729423694439746
quintile_revenu,QU2,CP07224,0.7118472198749366
quintile_revenu,QU2,CP07230,19.172418455298292
quintile_revenu,QU2,CP07241,1.9298969072164947
quintile_revenu,QU2,CP07242,3.2534054419469323
quintile_revenu,QU2,CP07243,2.8473888794997464
quintile_revenu,QU2,CP07244,0.8173060672638162
quintile_revenu,QU2,CP07311,3.928062216461439
quintile_revenu,QU2,CP07312,0.43097861309138047
quintile_revenu,QU2,CP07321,3.977316915100454
quintile_revenu,QU2,CP07322,1.1574854180168503
quintile_revenu,QU2,CP07323,0.0
quintile_revenu,QU2,CP07329,0.0
quintile_revenu,QU2,CP07331,1.9517174335709657
quintile_revenu,QU2,CP07332,5.541153596889178
quintile_revenu,QU2,CP07340,0.24627349319507458
quintile_revenu,QU2,CP07350,1.2806221646143878
quintile_revenu,QU2,CP07360,0.0
quintile_revenu,QU2,CP07411,0.7388535031847134
quintile_revenu,QU2,CP07412,0.2611464968152866
quintile_revenu,QU2,CP07491,0.43097861309138047
quintile_revenu,QU2,CP07492,0.0
quintile_revenu,QU2,CP08110,0.09899569583931134
quintile_revenu,QU2,CP08120,1.4849354375896702
quintile_revenu,QU2,CP08131,1.8404272027642534
quintile_revenu,QU2,CP08132,1.1886869165408356
quintile_revenu,QU2,CP08140,1.4908119993717606
quintile_revenu,QU2,CP08150,0.2902465839484844
quintile_revenu,QU2,CP08191,0.0
quintile_revenu,QU2,CP08192,0.06596513271556464
quintile_revenu,QU2,CP08200,0.0
quintile_revenu,QU2,CP08310,1.7605093586989877
quintile_revenu,QU2,CP08320,12.783829395520101
quintile_revenu,QU2,CP08330,3.060506302337674
quintile_revenu,QU2,CP08340,7.5253145136544966
quintile_revenu,QU2,CP08350,2.1660362040038437
quintile_revenu,QU2,CP08391,0.0
quintile_revenu,QU2,CP08392,4.090930036095537
quintile_revenu,QU2,CP08399,0.0
quintile_revenu,QU2,CP09111,0.30343961049159734
quintile_revenu,QU2,CP09112,0.05936861944400817
quintile_revenu,QU2,CP09113,0.0
quintile_revenu,QU2,CP09121,0.282279792746114
quintile_revenu,QU2,CP09122,0.0
quintile_revenu,QU2,CP09123,0.25616580310880827
quintile_revenu,QU2,CP09124,0.0
quintile_revenu,QU2,CP09129,0.08082901554404144
quintile_revenu,QU2,CP09211,1.5874141369377353
quintile_revenu,QU2,CP09212,3.3263904276534455
quintile_revenu,QU2,CP09213,0.0
quintile_revenu,QU2,CP09221,2.431836322567262
quintile_revenu,QU2,CP09222,1.2523820075337913
quintile_revenu,QU2,CP09311,1.4757367604697542
quintile_revenu,QU2,CP09312,3.2147130511854645
quintile_revenu,QU2,CP09321,0.26323953024595614
quintile_revenu,QU2,CP09322,3.2067360957234645
quintile_revenu,QU2,CP09410,0.0
quintile_revenu,QU2,CP09421,0.0
quintile_revenu,QU2,CP09422,0.6512983212053227
quintile_revenu,QU2,CP09431,0.0
quintile_revenu,QU2,CP09432,0.0
quintile_revenu,QU2,CP09440,0.15788936833582828
quintile_revenu,QU2,CP09450,1.8210445586670172
quintile_revenu,QU2,CP09461,1.9606789033100378
quintile_revenu,QU2,CP09462,4.726825896628522
quintile_revenu,QU2,CP09463,1.3671761001459182
quintile_revenu,QU2,CP09470,0.0
quintile_revenu,QU2,CP09510,0.029844559585492224
quintile_revenu,QU2,CP09520,0.6002827077116382
quintile_revenu,QU2,CP09610,6.041010675063359
quintile_revenu,QU2,CP09620,2.4905921204208585
quintile_revenu,QU2,CP09630,1.3353813071192688
quintile_revenu,QU2,CP09690,0.6165820750942572
quintile_revenu,QU2,CP09711,0.706996793498144
quintile_revenu,QU2,CP09719,2.136528771560325
quintile_revenu,QU2,CP09721,2.04769001490313
quintile_revenu,QU2,CP09722,3.156482861400894
quintile_revenu,QU2,CP09730,0.6527570789865872
quintile_revenu,QU2,CP09740,2.5573770491803276
quintile_revenu,QU2,CP09800,0.0
quintile_revenu,QU2,CP10101,0.0
quintile_revenu,QU2,CP10102,0.0
quintile_revenu,QU2,CP10200,0.0
quintile_revenu,QU2,CP10300,0.0
quintile_revenu,QU2,CP10400,3.0
quintile_revenu,QU2,CP10501,0.14007183170856852
quintile_revenu,QU2,CP10509,0.0
quintile_revenu,QU2,CP11111,33.569473705510966
quintile_revenu,QU2,CP11112,0.8645256893325354
quintile_revenu,QU2,CP11121,5.073574121366898
quintile_revenu,QU2,CP11129,5.005472455308281
quintile_revenu,QU2,CP11201,2.952429667519182
quintile_revenu,QU2,CP11202,2.651662404092072
quintile_revenu,QU2,CP11203,0.3959079283887469
quintile_revenu,QU2,CP11209,0.0
quintile_revenu,QU2,CP12110,0.0
quintile_revenu,QU2,CP12120,43.42144495412844
quintile_revenu,QU2,CP12130,18.454701834862384
quintile_revenu,QU2,CP12141,20.123853211009173
quintile_revenu,QU2,CP12142,0.0
quintile_revenu,QU2,CP12190,0.0
quintile_revenu,QU2,CP12210,0.0
quintile_revenu,QU2,CP12220,5.0
quintile_revenu,QU2,CP12291,0.0
quintile_revenu,QU2,CP12299,0.0
quintile_revenu,QU2,CP13111,0.8130722636991126
quintile_revenu,QU2,CP13112,0.0
quintile_revenu,QU2,CP13120,21.93097619383012
quintile_revenu,QU2,CP13131,7.812086209325258
quintile_revenu,QU2,CP13132,2.450204254120299
quintile_revenu,QU2,CP13211,0.9864959663276045
quintile_revenu,QU2,CP13212,0.04577341283760084
quintile_revenu,QU2,CP13220,0.0
quintile_revenu,QU2,CP13291,0.8570676955454227
quintile_revenu,QU2,CP13292,0.0
quintile_revenu,QU2,CP13301,0.41936790923824957
quintile_revenu,QU2,CP13302,3.350891410048622
quintile_revenu,QU2,CP13303,1.2297406807131281
quintile_revenu,QU2,CP13309,0.0
quintile_revenu,QU2,CP13901,0.0
quintile_revenu,QU2,CP13902,0.0
quintile_revenu,QU2,CP13909,10.757536041939712
quintile_revenu,QU3,CP01111,0.489332728098048
quintile_revenu,QU3,CP01112,0.20971402632773486
quintile_revenu,QU3,CP01113,21.340898774398546
quintile_revenu,QU3,CP01114,0.9187471629596005
quintile_revenu,QU3,CP01115,1.7076713572401268
quintile_revenu,QU3,CP01119,0.47934634589196545
quintile_revenu,QU3,CP01121,0.0
quintile_revenu,QU3,CP01122,16.8869723104857
quintile_revenu,QU3,CP01123,8.338629142078982
quintile_revenu,QU3,CP01124,0.4693599636858828
quintile_revenu,QU3,CP01125,7.809350885156603
quintile_revenu,QU3,CP01131,4.344076259645936
quintile_revenu,QU3,CP01132,1.10848842487517
quintile_revenu,QU3,CP01133,1.4280526554698136
quintile_revenu,QU3,CP01134,1.2682705401724919
quintile_revenu,QU3,CP01135,0.0
quintile_revenu,QU3,CP01136,0.0
quintile_revenu,QU3,CP01137,0.0
quintile_revenu,QU3,CP01141,0.22968679073990012
quintile_revenu,QU3,CP01142,2.2768951429868354
quintile_revenu,QU3,CP01143,1.0785292782569222
quintile_revenu,QU3,CP01144,0.1597821152973218
quintile_revenu,QU3,CP01145,11.324557421697682
quintile_revenu,QU3,CP01146,2.426690876078075
quintile_revenu,QU3,CP01147,2.0272355878347703
quintile_revenu,QU3,CP01148,1.3980935088515658
quintile_revenu,QU3,CP01149,0.0
quintile_revenu,QU3,CP01151,1.1584203359055831
quintile_revenu,QU3,CP01152,1.6577394462097137
quintile_revenu,QU3,CP01153,0.5891965501588741
quintile_revenu,QU3,CP01159,0.0
quintile_revenu,QU3,CP01161,1.8474807081252835
quintile_revenu,QU3,CP01162,2.0472083522469355
quintile_revenu,QU3,CP01163,3.8447571493418065
quintile_revenu,QU3,CP01164,0.4094416704493871
quintile_revenu,QU3,CP01165,2.037221970040853
quintile_revenu,QU3,CP01166,0.03994552882433045
quintile_revenu,QU3,CP01167,0.0699046754425783
quintile_revenu,QU3,CP01168,1.3881071266454832
quintile_revenu,QU3,CP01169,0.22968679073990012
quintile_revenu,QU3,CP01171,2.626418520199727
quintile_revenu,QU3,CP01172,3.9546073536087145
quintile_revenu,QU3,CP01173,0.18974126191556967
quintile_revenu,QU3,CP01174,2.6364049024058103
quintile_revenu,QU3,CP01175,2.25692237857467
quintile_revenu,QU3,CP01176,1.0385837494325918
quintile_revenu,QU3,CP01177,0.0
quintile_revenu,QU3,CP01178,0.2995914661824784
quintile_revenu,QU3,CP01179,2.1270994098955964
quintile_revenu,QU3,CP01181,0.4294144348615524
quintile_revenu,QU3,CP01182,0.0699046754425783
quintile_revenu,QU3,CP01183,2.017249205628688
quintile_revenu,QU3,CP01184,0.0
quintile_revenu,QU3,CP01185,5.068186936276273
quintile_revenu,QU3,CP01186,1.727644121652292
quintile_revenu,QU3,CP01189,2.3567862006354963
quintile_revenu,QU3,CP01191,10.465728551974578
quintile_revenu,QU3,CP01192,1.118474807081253
quintile_revenu,QU3,CP01193,1.8474807081252835
quintile_revenu,QU3,CP01194,0.5192918747162959
quintile_revenu,QU3,CP01199,0.8488424875170221
quintile_revenu,QU3,CP01210,1.6786047960137032
quintile_revenu,QU3,CP01220,2.254126440361258
quintile_revenu,QU3,CP01230,0.6714419184054812
quintile_revenu,QU3,CP01240,0.0
quintile_revenu,QU3,CP01250,2.028028651510433
quintile_revenu,QU3,CP01260,2.014325755216443
quintile_revenu,QU3,CP01290,0.715607790005786
quintile_revenu,QU3,CP01300,0.0
quintile_revenu,QU3,CP02110,4.438421302900618
quintile_revenu,QU3,CP02121,5.650023775558726
quintile_revenu,QU3,CP02122,0.09890632429862102
quintile_revenu,QU3,CP02130,2.8126485972420348
quintile_revenu,QU3,CP02190,0.0
quintile_revenu,QU3,CP02200,0.0
quintile_revenu,QU3,CP02301,5.186275446812577
quintile_revenu,QU3,CP02302,0.19000286724648763
quintile_revenu,QU3,CP02309,0.7894485329255473
quintile_revenu,QU3,CP02400,0.0
quintile_revenu,QU3,CP03110,0.0
quintile_revenu,QU3,CP03121,9.204950627764621
quintile_revenu,QU3,CP03122,12.42357356686475
quintile_revenu,QU3,CP03123,0.847415218265493
quintile_revenu,QU3,CP03124,0.0
quintile_revenu,QU3,CP03131,2.4567266878155576
quintile_revenu,QU3,CP03132,0.2643313524864841
quintile_revenu,QU3,CP03141,0.8707385728966535
quintile_revenu,QU3,CP03142,0.1554890308744024
quintile_revenu,QU3,CP03211,3.091326823664561
quintile_revenu,QU3,CP03212,4.993681792073521
quintile_revenu,QU3,CP03213,1.1683102520828714
quintile_revenu,QU3,CP03220,0.24813325674899483
quintile_revenu,QU3,CP04110,71.0
quintile_revenu,QU3,CP04121,0.0
quintile_revenu,QU3,CP04122,0.0
quintile_revenu,QU3,CP04210,77.0
quintile_revenu,QU3,CP04220,77.0
quintile_revenu,QU3,CP04311,2.0606874539934745
quintile_revenu,QU3,CP04312,0.0
quintile_revenu,QU3,CP04320,15.783172312618925
quintile_revenu,QU3,CP04411,5.398086401855611
quintile_revenu,QU3,CP04412,0.0
quintile_revenu,QU3,CP04420,5.2467381849811545
quintile_revenu,QU3,CP04431,6.873731516381561
quintile_revenu,QU3,CP04432,0.0
quintile_revenu,QU3,CP04441,3.367497825456654
quintile_revenu,QU3,CP04449,0.08828645984343289
quintile_revenu,QU3,CP04510,24.829147640791476
quintile_revenu,QU3,CP04521,9.767123287671232
quintile_revenu,QU3,CP04522,1.6103500761035008
quintile_revenu,QU3,CP04530,6.598934550989345
quintile_revenu,QU3,CP04541,0.0
quintile_revenu,QU3,CP04542,1.1640030441400304
quintile_revenu,QU3,CP04543,0.2888127853881279
quintile_revenu,QU3,CP04549,0.0
quintile_revenu,QU3,CP04550,1.7416286149162863
quintile_revenu,QU3,CP05111,7.253950589806367
quintile_revenu,QU3,CP05112,0.17093256176274207
quintile_revenu,QU3,CP05113,0.16559091920765637
quintile_revenu,QU3,CP05114,0.2733414259977894
quintile_revenu,QU3,CP05120,1.1036471190519614
quintile_revenu,QU3,CP05211,0.38213399503722084
quintile_revenu,QU3,CP05212,0.6650124069478908
quintile_revenu,QU3,CP05213,0.5607940446650124
quintile_revenu,QU3,CP05219,0.3920595533498759
quintile_revenu,QU3,CP05220,0.0
quintile_revenu,QU3,CP05311,2.8846815834767643
quintile_revenu,QU3,CP05312,0.8055077452667814
quintile_revenu,QU3,CP05313,0.5370051635111875
quintile_revenu,QU3,CP05314,0.3235800344234079
quintile_revenu,QU3,CP05319,0.0
quintile_revenu,QU3,CP05321,0.7053121166175836
quintile_revenu,QU3,CP05322,0.10141742853324733
quintile_revenu,QU3,CP05329,0.19965576592082615
quintile_revenu,QU3,CP05330,0.6471600688468158
quintile_revenu,QU3,CP05401,0.4716870986573264
quintile_revenu,QU3,CP05402,0.46701692936368944
quintile_revenu,QU3,CP05403,0.8569760653823701
quintile_revenu,QU3,CP05404,0.0
quintile_revenu,QU3,CP05510,1.304632152588556
quintile_revenu,QU3,CP05521,0.7945504087193461
quintile_revenu,QU3,CP05522,1.2948228882833788
quintile_revenu,QU3,CP05530,1.6871934604904635
quintile_revenu,QU3,CP05611,7.915854284248333
quintile_revenu,QU3,CP05619,3.7417940605038877
quintile_revenu,QU3,CP05621,2.2986146741918936
quintile_revenu,QU3,CP05629,0.4022575679835814
quintile_revenu,QU3,CP06111,8.975031301051656
quintile_revenu,QU3,CP06112,0.0
quintile_revenu,QU3,CP06121,0.07465367995329474
quintile_revenu,QU3,CP06122,0.03082851637764933
quintile_revenu,QU3,CP06123,0.3452793834296725
quintile_revenu,QU3,CP06131,2.214811690993053
quintile_revenu,QU3,CP06132,0.49325626204238926
quintile_revenu,QU3,CP06133,0.14797687861271677
quintile_revenu,QU3,CP06140,0.0
quintile_revenu,QU3,CP06211,0.0
quintile_revenu,QU3,CP06219,0.5737728468907333
quintile_revenu,QU3,CP06221,0.5016357688113413
quintile_revenu,QU3,CP06229,3.1688537851711303
quintile_revenu,QU3,CP06231,5.443838604143948
quintile_revenu,QU3,CP06232,0.0
quintile_revenu,QU3,CP06310,0.4011976047904192
quintile_revenu,QU3,CP06320,0.08982035928143713
quintile_revenu,QU3,CP06410,0.6105531575888572
quintile_revenu,QU3,CP06420,0.1070341120758065
quintile_revenu,QU3,CP07111,29.837540906965874
quintile_revenu,QU3,CP07112,16.02407667134175
quintile_revenu,QU3,CP07120,1.8440860215053763
quintile_revenu,QU3,CP07130,1.2942964001870032
quintile_revenu,QU3,CP07140,0.0
quintile_revenu,QU3,CP07211,0.31759337502112556
quintile_revenu,QU3,CP07212,1.4938651343586276
quintile_revenu,QU3,CP07213,1.8839632139677653
quintile_revenu,QU3,CP07221,13.832955889809025
quintile_revenu,QU3,CP07222,9.52191989183708
quintile_revenu,QU3,CP07223,0.05881358796687511
quintile_revenu,QU3,CP07224,0.793983437552814
quintile_revenu,QU3,CP07230,21.384620584755787
quintile_revenu,QU3,CP07241,2.1525773195876288
quintile_revenu,QU3,CP07242,3.628798377556194
quintile_revenu,QU3,CP07243,3.175933750211256
quintile_revenu,QU3,CP07244,0.9116106134865641
quintile_revenu,QU3,CP07311,2.894361633182113
quintile_revenu,QU3,CP07312,0.31756318859364874
quintile_revenu,QU3,CP07321,2.9306545690213874
quintile_revenu,QU3,CP07322,0.8528839922229424
quintile_revenu,QU3,CP07323,0.0
quintile_revenu,QU3,CP07329,0.0
quintile_revenu,QU3,CP07331,1.438107582631238
quintile_revenu,QU3,CP07332,4.082955281918341
quintile_revenu,QU3,CP07340,0.18146467919637074
quintile_revenu,QU3,CP07350,0.9436163318211278
quintile_revenu,QU3,CP07360,0.0
quintile_revenu,QU3,CP07411,0.7388535031847134
quintile_revenu,QU3,CP07412,0.2611464968152866
quintile_revenu,QU3,CP07491,0.31756318859364874
quintile_revenu,QU3,CP07492,0.0
quintile_revenu,QU3,CP08110,0.09899569583931134
quintile_revenu,QU3,CP08120,1.4849354375896702
quintile_revenu,QU3,CP08131,1.8404272027642534
quintile_revenu,QU3,CP08132,1.1265002209711295
quintile_revenu,QU3,CP08140,1.4908119993717606
quintile_revenu,QU3,CP08150,0.2902465839484844
quintile_revenu,QU3,CP08191,0.0
quintile_revenu,QU3,CP08192,0.06596513271556464
quintile_revenu,QU3,CP08200,0.0
quintile_revenu,QU3,CP08310,1.5492482356551094
quintile_revenu,QU3,CP08320,11.249769868057689
quintile_revenu,QU3,CP08330,3.4635732000545323
quintile_revenu,QU3,CP08340,6.622276772015956
quintile_revenu,QU3,CP08350,2.03255967746196
quintile_revenu,QU3,CP08391,0.0
quintile_revenu,QU3,CP08392,4.980262652638046
quintile_revenu,QU3,CP08399,0.0
quintile_revenu,QU3,CP09111,0.30343961049159734
quintile_revenu,QU3,CP09112,0.05936861944400817
quintile_revenu,QU3,CP09113,0.0
quintile_revenu,QU3,CP09121,0.564559585492228
quintile_revenu,QU3,CP09122,0.0
quintile_revenu,QU3,CP09123,0.5123316062176165
quintile_revenu,QU3,CP09124,0.0
quintile_revenu,QU3,CP09129,0.16165803108808288
quintile_revenu,QU3,CP09211,1.5874141369377353
quintile_revenu,QU3,CP09212,3.3263904276534455
quintile_revenu,QU3,CP09213,0.0
quintile_revenu,QU3,CP09221,2.431836322567262
quintile_revenu,QU3,CP09222,1.2523820075337913
quintile_revenu,QU3,CP09311,1.4757367604697542
quintile_revenu,QU3,CP09312,3.2147130511854645
quintile_revenu,QU3,CP09321,0.26323953024595614
quintile_revenu,QU3,CP09322,3.2067360957234645
quintile_revenu,QU3,CP09410,0.0
quintile_revenu,QU3,CP09421,0.0
quintile_revenu,QU3,CP09422,0.8464104815935041
quintile_revenu,QU3,CP09431,0.0
quintile_revenu,QU3,CP09432,0.0
quintile_revenu,QU3,CP09440,0.1774731176638369
quintile_revenu,QU3,CP09450,2.066640413589297
quintile_revenu,QU3,CP09461,2.386913447507872
quintile_revenu,QU3,CP09462,5.75439674372168
quintile_revenu,QU3,CP09463,1.6643882958298135
quintile_revenu,QU3,CP09470,0.0
quintile_revenu,QU3,CP09510,0.05968911917098445
quintile_revenu,QU3,CP09520,0.6002827077116382
quintile_revenu,QU3,CP09610,7.354273865294523
quintile_revenu,QU3,CP09620,3.0320251900775665
quintile_revenu,QU3,CP09630,1.6256815912756317
quintile_revenu,QU3,CP09690,0.6977084184643677
quintile_revenu,QU3,CP09711,0.6700099353488418
quintile_revenu,QU3,CP09719,2.0247552991311153
quintile_revenu,QU3,CP09721,1.8615363771846634
quintile_revenu,QU3,CP09722,2.869529874000813
quintile_revenu,QU3,CP09730,0.5934155263514429
quintile_revenu,QU3,CP09740,2.324888226527571
quintile_revenu,QU3,CP09800,0.0
quintile_revenu,QU3,CP10101,0.0
quintile_revenu,QU3,CP10102,1.0
quintile_revenu,QU3,CP10200,1.0
quintile_revenu,QU3,CP10300,0.0
quintile_revenu,QU3,CP10400,2.0
quintile_revenu,QU3,CP10501,0.150846587993843
quintile_revenu,QU3,CP10509,0.0
quintile_revenu,QU3,CP11111,33.3211505170278
quintile_revenu,QU3,CP11112,0.85813054064525
quintile_revenu,QU3,CP11121,5.363492642587864
quintile_revenu,QU3,CP11129,5.2914994527544685
quintile_revenu,QU3,CP11201,3.4445012787723783
quintile_revenu,QU3,CP11202,3.0936061381074174
quintile_revenu,QU3,CP11203,0.4618925831202047
quintile_revenu,QU3,CP11209,0.0
quintile_revenu,QU3,CP12110,0.0
quintile_revenu,QU3,CP12120,43.42144495412844
quintile_revenu,QU3,CP12130,18.454701834862384
quintile_revenu,QU3,CP12141,20.123853211009173
quintile_revenu,QU3,CP12142,0.0
quintile_revenu,QU3,CP12190,0.0
quintile_revenu,QU3,CP12210,0.0
quintile_revenu,QU3,CP12220,5.0
quintile_revenu,QU3,CP12291,0.0
quintile_revenu,QU3,CP12299,0.0
quintile_revenu,QU3,CP13111,0.7713762501760811
quintile_revenu,QU3,CP13112,0.0
quintile_revenu,QU3,CP13120,20.806310747992676
quintile_revenu,QU3,CP13131,7.411466403718834
quintile_revenu,QU3,CP13132,2.3245527539090016
quintile_revenu,QU3,CP13211,0.9864959663276045
quintile_revenu,QU3,CP13212,0.04577341283760084
quintile_revenu,QU3,CP13220,0.0
quintile_revenu,QU3,CP13291,0.8570676955454227
quintile_revenu,QU3,CP13292,0.0
quintile_revenu,QU3,CP13301,0.5032414910858994
quintile_revenu,QU3,CP13302,4.021069692058346
quintile_revenu,QU3,CP13303,1.4756888168557538
quintile_revenu,QU3,CP13309,0.0
quintile_revenu,QU3,CP13901,0.0
quintile_revenu,QU3,CP13902,0.0
quintile_revenu,QU3,CP13909,16.13630406290957
quintile_revenu,QU4,CP01111,0.47222319215056385
quintile_revenu,QU4,CP01112,0.20238136806452736
quintile_revenu,QU4,CP01113,20.594713502566428
quintile_revenu,QU4,CP01114,0.8866231362826914
quintile_revenu,QU4,CP01115,1.647962568525437
quintile_revenu,QU4,CP01119,0.4625859841474911
quintile_revenu,QU4,CP01121,0.0
quintile_revenu,QU4,CP01122,16.296518733195988
quintile_revenu,QU4,CP01123,8.047068682565731
quintile_revenu,QU4,CP01124,0.45294877614441836
quintile_revenu,QU4,CP01125,7.536296658402876
quintile_revenu,QU4,CP01131,4.1921854813366375
quintile_revenu,QU4,CP01132,1.0697300883410732
quintile_revenu,QU4,CP01133,1.3781207444394006
quintile_revenu,QU4,CP01134,1.2239254163902369
quintile_revenu,QU4,CP01135,0.0
quintile_revenu,QU4,CP01136,0.0
quintile_revenu,QU4,CP01137,0.0
quintile_revenu,QU4,CP01141,0.22165578407067285
quintile_revenu,QU4,CP01142,2.197283424700583
quintile_revenu,QU4,CP01143,1.0408184643318552
quintile_revenu,QU4,CP01144,0.15419532804916372
quintile_revenu,QU4,CP01145,10.928593875484479
quintile_revenu,QU4,CP01146,2.341841544746674
quintile_revenu,QU4,CP01147,1.9563532246237645
quintile_revenu,QU4,CP01148,1.3492091204301824
quintile_revenu,QU4,CP01149,0.0
quintile_revenu,QU4,CP01151,1.1179161283564367
quintile_revenu,QU4,CP01152,1.5997765285100733
quintile_revenu,QU4,CP01153,0.5685952721812911
quintile_revenu,QU4,CP01159,0.0
quintile_revenu,QU4,CP01161,1.7828834805684555
quintile_revenu,QU4,CP01162,1.9756276406299098
quintile_revenu,QU4,CP01163,3.710325081183002
quintile_revenu,QU4,CP01164,0.395125528125982
quintile_revenu,QU4,CP01165,1.9659904326268371
quintile_revenu,QU4,CP01166,0.03854883201229093
quintile_revenu,QU4,CP01167,0.06746045602150912
quintile_revenu,QU4,CP01168,1.3395719124271097
quintile_revenu,QU4,CP01169,0.22165578407067285
quintile_revenu,QU4,CP01171,2.534585704808128
quintile_revenu,QU4,CP01172,3.816334369216802
quintile_revenu,QU4,CP01173,0.1831069520583819
quintile_revenu,QU4,CP01174,2.5442229128112013
quintile_revenu,QU4,CP01175,2.1780090086944375
quintile_revenu,QU4,CP01176,1.0022696323195641
quintile_revenu,QU4,CP01177,0.0
quintile_revenu,QU4,CP01178,0.28911624009218195
quintile_revenu,QU4,CP01179,2.052725304654492
quintile_revenu,QU4,CP01181,0.41439994413212744
quintile_revenu,QU4,CP01182,0.06746045602150912
quintile_revenu,QU4,CP01183,1.9467160166206916
quintile_revenu,QU4,CP01184,0.0
quintile_revenu,QU4,CP01185,4.963085501170299
quintile_revenu,QU4,CP01186,1.6672369845315826
quintile_revenu,QU4,CP01189,2.2743810887251645
quintile_revenu,QU4,CP01191,10.099793987220222
quintile_revenu,QU4,CP01192,1.0793672963441459
quintile_revenu,QU4,CP01193,1.7828834805684555
quintile_revenu,QU4,CP01194,0.5011348161597821
quintile_revenu,QU4,CP01199,0.8191626802611821
quintile_revenu,QU4,CP01210,1.6786047960137032
quintile_revenu,QU4,CP01220,2.254126440361258
quintile_revenu,QU4,CP01230,0.6714419184054812
quintile_revenu,QU4,CP01240,0.0
quintile_revenu,QU4,CP01250,2.028028651510433
quintile_revenu,QU4,CP01260,2.014325755216443
quintile_revenu,QU4,CP01290,0.700767886377866
quintile_revenu,QU4,CP01300,0.0
quintile_revenu,QU4,CP02110,4.438421302900618
quintile_revenu,QU4,CP02121,5.650023775558726
quintile_revenu,QU4,CP02122,0.09890632429862102
quintile_revenu,QU4,CP02130,2.8126485972420348
quintile_revenu,QU4,CP02190,0.0
quintile_revenu,QU4,CP02200,0.0
quintile_revenu,QU4,CP02301,4.074930708209882
quintile_revenu,QU4,CP02302,0.14928796712224027
quintile_revenu,QU4,CP02309,0.6202809901557872
quintile_revenu,QU4,CP02400,0.0
quintile_revenu,QU4,CP03110,0.0
quintile_revenu,QU4,CP03121,9.522362718377194
quintile_revenu,QU4,CP03122,12.85197265537733
quintile_revenu,QU4,CP03123,0.876636432688441
quintile_revenu,QU4,CP03124,0.0
quintile_revenu,QU4,CP03131,2.541441401188508
quintile_revenu,QU4,CP03132,0.27344622671015595
quintile_revenu,QU4,CP03141,0.9007640409275725
quintile_revenu,QU4,CP03142,0.16085072159420935
quintile_revenu,QU4,CP03211,3.091326823664561
quintile_revenu,QU4,CP03212,4.993681792073521
quintile_revenu,QU4,CP03213,1.1856017046542489
quintile_revenu,QU4,CP03220,0.24813325674899483
quintile_revenu,QU4,CP04110,41.0
quintile_revenu,QU4,CP04121,0.0
quintile_revenu,QU4,CP04122,0.0
quintile_revenu,QU4,CP04210,83.5
quintile_revenu,QU4,CP04220,83.5
quintile_revenu,QU4,CP04311,2.7935804785371827
quintile_revenu,QU4,CP04312,0.0
quintile_revenu,QU4,CP04320,16.744268058067252
quintile_revenu,QU4,CP04411,4.095100028993912
quintile_revenu,QU4,CP04412,0.0
quintile_revenu,QU4,CP04420,3.9802841403305314
quintile_revenu,QU4,CP04431,5.214554943461874
quintile_revenu,QU4,CP04432,0.0
quintile_revenu,QU4,CP04441,2.55465352276022
quintile_revenu,QU4,CP04449,0.06697593505363875
quintile_revenu,QU4,CP04510,22.130327245053273
quintile_revenu,QU4,CP04521,8.705479452054794
quintile_revenu,QU4,CP04522,1.43531202435312
quintile_revenu,QU4,CP04530,5.8816590563165905
quintile_revenu,QU4,CP04541,0.0
quintile_revenu,QU4,CP04542,1.0374809741248097
quintile_revenu,QU4,CP04543,0.2574200913242009
quintile_revenu,QU4,CP04549,0.0
quintile_revenu,QU4,CP04550,1.5523211567732116
quintile_revenu,QU4,CP05111,7.85844647229023
quintile_revenu,QU4,CP05112,0.18517694190963724
quintile_revenu,QU4,CP05113,0.1793901624749611
quintile_revenu,QU4,CP05114,0.31170651443224795
quintile_revenu,QU4,CP05120,1.1285747843090281
quintile_revenu,QU4,CP05211,0.5732009925558312
quintile_revenu,QU4,CP05212,0.9975186104218363
quintile_revenu,QU4,CP05213,0.8411910669975184
quintile_revenu,QU4,CP05219,0.5880893300248139
quintile_revenu,QU4,CP05220,0.0
quintile_revenu,QU4,CP05311,2.8846815834767643
quintile_revenu,QU4,CP05312,0.8055077452667814
quintile_revenu,QU4,CP05313,0.5370051635111875
quintile_revenu,QU4,CP05314,0.3235800344234079
quintile_revenu,QU4,CP05319,0.0
quintile_revenu,QU4,CP05321,0.7946291043583893
quintile_revenu,QU4,CP05322,0.11426039409074878
quintile_revenu,QU4,CP05329,0.19965576592082615
quintile_revenu,QU4,CP05330,0.6471600688468158
quintile_revenu,QU4,CP05401,0.7075306479859896
quintile_revenu,QU4,CP05402,0.7005253940455342
quintile_revenu,QU4,CP05403,1.2854640980735552
quintile_revenu,QU4,CP05404,0.0
quintile_revenu,QU4,CP05510,1.7395095367847413
quintile_revenu,QU4,CP05521,1.0594005449591282
quintile_revenu,QU4,CP05522,1.7264305177111718
quintile_revenu,QU4,CP05530,2.249591280653951
quintile_revenu,QU4,CP05611,7.915854284248333
quintile_revenu,QU4,CP05619,3.7871003470862563
quintile_revenu,QU4,CP05621,2.2986146741918936
quintile_revenu,QU4,CP05629,0.4022575679835814
quintile_revenu,QU4,CP06111,9.127447134267603
quintile_revenu,QU4,CP06112,0.0
quintile_revenu,QU4,CP06121,0.07592146414825177
quintile_revenu,QU4,CP06122,0.03082851637764933
quintile_revenu,QU4,CP06123,0.3452793834296725
quintile_revenu,QU4,CP06131,2.3652852090568905
quintile_revenu,QU4,CP06132,0.49325626204238926
quintile_revenu,QU4,CP06133,0.14797687861271677
quintile_revenu,QU4,CP06140,0.0
quintile_revenu,QU4,CP06211,0.0
quintile_revenu,QU4,CP06219,0.5312428577958587
quintile_revenu,QU4,CP06221,0.4389312977099236
quintile_revenu,QU4,CP06229,3.00473164776655
quintile_revenu,QU4,CP06231,4.763358778625954
quintile_revenu,QU4,CP06232,0.0
quintile_revenu,QU4,CP06310,0.4011976047904192
quintile_revenu,QU4,CP06320,0.08982035928143713
quintile_revenu,QU4,CP06410,0.565296887141747
quintile_revenu,QU4,CP06420,0.10504320227172417
quintile_revenu,QU4,CP07111,41.40719962599346
quintile_revenu,QU4,CP07112,22.237494156147733
quintile_revenu,QU4,CP07120,2.5591397849462365
quintile_revenu,QU4,CP07130,1.7961664329125757
quintile_revenu,QU4,CP07140,0.0
quintile_revenu,QU4,CP07211,0.30664187933074194
quintile_revenu,QU4,CP07212,1.442352543518675
quintile_revenu,QU4,CP07213,1.95710094726354
quintile_revenu,QU4,CP07221,13.35595741085009
quintile_revenu,QU4,CP07222,9.193577826601318
quintile_revenu,QU4,CP07223,0.05678553320939665
quintile_revenu,QU4,CP07224,0.7666046983268548
quintile_revenu,QU4,CP07230,20.64721987493662
quintile_revenu,QU4,CP07241,2.0783505154639172
quintile_revenu,QU4,CP07242,3.503667399019773
quintile_revenu,QU4,CP07243,3.0664187933074194
quintile_revenu,QU4,CP07244,0.8801757647456481
quintile_revenu,QU4,CP07311,3.1011017498379783
quintile_revenu,QU4,CP07312,0.34024627349319514
quintile_revenu,QU4,CP07321,3.139987038237201
quintile_revenu,QU4,CP07322,0.913804277381724
quintile_revenu,QU4,CP07323,0.0
quintile_revenu,QU4,CP07329,0.0
quintile_revenu,QU4,CP07331,1.5408295528191835
quintile_revenu,QU4,CP07332,4.374594944912508
quintile_revenu,QU4,CP07340,0.1944264419961115
quintile_revenu,QU4,CP07350,1.01101749837978
quintile_revenu,QU4,CP07360,0.0
quintile_revenu,QU4,CP07411,0.7388535031847134
quintile_revenu,QU4,CP07412,0.2611464968152866
quintile_revenu,QU4,CP07491,0.34024627349319514
quintile_revenu,QU4,CP07492,0.0
quintile_revenu,QU4,CP08110,0.148493543758967
quintile_revenu,QU4,CP08120,2.2274031563845056
quintile_revenu,QU4,CP08131,2.3662635464111825
quintile_revenu,QU4,CP08132,1.2706811539065779
quintile_revenu,QU4,CP08140,1.9167582849065492
quintile_revenu,QU4,CP08150,0.37317417936233704
quintile_revenu,QU4,CP08191,0.0
quintile_revenu,QU4,CP08192,0.08481231349144025
quintile_revenu,QU4,CP08200,0.0
quintile_revenu,QU4,CP08310,1.3379871126112306
quintile_revenu,QU4,CP08320,9.715710340595274
quintile_revenu,QU4,CP08330,3.2454081187412465
quintile_revenu,QU4,CP08340,5.719239030377418
quintile_revenu,QU4,CP08350,2.2893069983723824
quintile_revenu,QU4,CP08391,0.0
quintile_revenu,QU4,CP08392,4.090930036095537
quintile_revenu,QU4,CP08399,0.0
quintile_revenu,QU4,CP09111,0.39013664206062515
quintile_revenu,QU4,CP09112,0.07633108214229621
quintile_revenu,QU4,CP09113,0.0
quintile_revenu,QU4,CP09121,1.4113989637305697
quintile_revenu,QU4,CP09122,0.0
quintile_revenu,QU4,CP09123,1.2808290155440414
quintile_revenu,QU4,CP09124,0.0
quintile_revenu,QU4,CP09129,0.4041450777202072
quintile_revenu,QU4,CP09211,1.5874141369377353
quintile_revenu,QU4,CP09212,3.3263904276534455
quintile_revenu,QU4,CP09213,0.0
quintile_revenu,QU4,CP09221,2.5657367083967957
quintile_revenu,QU4,CP09222,1.2523820075337913
quintile_revenu,QU4,CP09311,1.4757367604697542
quintile_revenu,QU4,CP09312,3.2147130511854645
quintile_revenu,QU4,CP09321,0.26323953024595614
quintile_revenu,QU4,CP09322,3.2067360957234645
quintile_revenu,QU4,CP09410,0.0
quintile_revenu,QU4,CP09421,0.0
quintile_revenu,QU4,CP09422,0.9248734507390015
quintile_revenu,QU4,CP09431,0.0
quintile_revenu,QU4,CP09432,0.0
quintile_revenu,QU4,CP09440,0.15788936833582828
quintile_revenu,QU4,CP09450,2.8034279783561367
quintile_revenu,QU4,CP09461,1.9606789033100378
quintile_revenu,QU4,CP09462,4.726825896628522
quintile_revenu,QU4,CP09463,1.3671761001459182
quintile_revenu,QU4,CP09470,0.0
quintile_revenu,QU4,CP09510,0.14922279792746113
quintile_revenu,QU4,CP09520,0.7717920527721062
quintile_revenu,QU4,CP09610,6.041010675063359
quintile_revenu,QU4,CP09620,2.4905921204208585
quintile_revenu,QU4,CP09630,1.3353813071192688
quintile_revenu,QU4,CP09690,0.7400308684883028
quintile_revenu,QU4,CP09711,0.7557646078790757
quintile_revenu,QU4,CP09719,2.283904034799405
quintile_revenu,QU4,CP09721,1.8615363771846634
quintile_revenu,QU4,CP09722,2.869529874000813
quintile_revenu,QU4,CP09730,0.5934155263514429
quintile_revenu,QU4,CP09740,2.324888226527571
quintile_revenu,QU4,CP09800,0.0
quintile_revenu,QU4,CP10101,0.0
quintile_revenu,QU4,CP10102,1.0
quintile_revenu,QU4,CP10200,1.0
quintile_revenu,QU4,CP10300,0.0
quintile_revenu,QU4,CP10400,2.0
quintile_revenu,QU4,CP10501,0.150846587993843
quintile_revenu,QU4,CP10509,0.0
quintile_revenu,QU4,CP11111,35.849429541848785
quintile_revenu,QU4,CP11112,0.9232421413195114
quintile_revenu,QU4,CP11121,6.233248206250759
quintile_revenu,QU4,CP11129,6.149580445093031
quintile_revenu,QU4,CP11201,4.920716112531969
quintile_revenu,QU4,CP11202,4.419437340153453
quintile_revenu,QU4,CP11203,0.6598465473145781
quintile_revenu,QU4,CP11209,0.0
quintile_revenu,QU4,CP12110,0.0
quintile_revenu,QU4,CP12120,39.714736238532105
quintile_revenu,QU4,CP12130,16.879300458715594
quintile_revenu,QU4,CP12141,18.40596330275229
quintile_revenu,QU4,CP12142,0.0
quintile_revenu,QU4,CP12190,0.0
quintile_revenu,QU4,CP12210,0.0
quintile_revenu,QU4,CP12220,5.0
quintile_revenu,QU4,CP12291,0.0
quintile_revenu,QU4,CP12299,0.0
quintile_revenu,QU4,CP13111,0.7922242569375969
quintile_revenu,QU4,CP13112,0.0
quintile_revenu,QU4,CP13120,21.368643470911397
quintile_revenu,QU4,CP13131,7.611776306522046
quintile_revenu,QU4,CP13132,2.38737850401465
quintile_revenu,QU4,CP13211,1.3153279551034727
quintile_revenu,QU4,CP13212,0.06103121711680112
quintile_revenu,QU4,CP13220,0.0
quintile_revenu,QU4,CP13291,1.142756927393897
quintile_revenu,QU4,CP13292,0.0
quintile_revenu,QU4,CP13301,0.8387358184764991
quintile_revenu,QU4,CP13302,6.701782820097244
quintile_revenu,QU4,CP13303,2.4594813614262563
quintile_revenu,QU4,CP13309,0.0
quintile_revenu,QU4,CP13901,0.0
quintile_revenu,QU4,CP13902,0.0
quintile_revenu,QU4,CP13909,16.13630406290957
quintile_revenu,QU5,CP01111,0.40720695555012393
quintile_revenu,QU5,CP01112,0.1745172666643388
quintile_revenu,QU5,CP01113,17.759209469604386
quintile_revenu,QU5,CP01114,0.7645518349104368
quintile_revenu,QU5,CP01115,1.4210691714096162
quintile_revenu,QU5,CP01119,0.3988966095184887
quintile_revenu,QU5,CP01121,0.0
quintile_revenu,QU5,CP01122,14.052795139495093
quintile_revenu,QU5,CP01123,6.939138936415376
quintile_revenu,QU5,CP01124,0.39058626348685355
quintile_revenu,QU5,CP01125,6.4986905967387125
quintile_revenu,QU5,CP01131,3.615000523761304
quintile_revenu,QU5,CP01132,0.9224484095115052
quintile_revenu,QU5,CP01133,1.188379482523831
quintile_revenu,QU5,CP01134,1.055413946017668
quintile_revenu,QU5,CP01135,0.0
quintile_revenu,QU5,CP01136,0.0
quintile_revenu,QU5,CP01137,0.0
quintile_revenu,QU5,CP01141,0.1911379587276092
quintile_revenu,QU5,CP01142,1.8947588952128214
quintile_revenu,QU5,CP01143,0.8975173714165997
quintile_revenu,QU5,CP01144,0.1329655365061629
quintile_revenu,QU5,CP01145,9.423932399874296
quintile_revenu,QU5,CP01146,2.019414085687349
quintile_revenu,QU5,CP01147,1.6870002444219416
quintile_revenu,QU5,CP01148,1.1634484444289255
quintile_revenu,QU5,CP01149,0.0
quintile_revenu,QU5,CP01151,0.964000139669681
quintile_revenu,QU5,CP01152,1.3795174412514402
quintile_revenu,QU5,CP01153,0.49031041586647567
quintile_revenu,QU5,CP01159,0.0
quintile_revenu,QU5,CP01161,1.5374140158525087
quintile_revenu,QU5,CP01162,1.7036209364852122
quintile_revenu,QU5,CP01163,3.1994832221795453
quintile_revenu,QU5,CP01164,0.34072418729704246
quintile_revenu,QU5,CP01165,1.695310590453577
quintile_revenu,QU5,CP01166,0.03324138412654073
quintile_revenu,QU5,CP01167,0.05817242222144627
quintile_revenu,QU5,CP01168,1.1551380983972903
quintile_revenu,QU5,CP01169,0.1911379587276092
quintile_revenu,QU5,CP01171,2.1856210063200527
quintile_revenu,QU5,CP01172,3.290897028527532
quintile_revenu,QU5,CP01173,0.15789657460106846
quintile_revenu,QU5,CP01174,2.193931352351688
quintile_revenu,QU5,CP01175,1.878138203149551
quintile_revenu,QU5,CP01176,0.864275987290059
quintile_revenu,QU5,CP01177,0.0
quintile_revenu,QU5,CP01178,0.24931038094905542
quintile_revenu,QU5,CP01179,1.7701037047382937
quintile_revenu,QU5,CP01181,0.35734487936031284
quintile_revenu,QU5,CP01182,0.05817242222144627
quintile_revenu,QU5,CP01183,1.6786898983903067
quintile_revenu,QU5,CP01184,0.0
quintile_revenu,QU5,CP01185,4.376219512108923
quintile_revenu,QU5,CP01186,1.4376898634728865
quintile_revenu,QU5,CP01189,1.9612416634659027
quintile_revenu,QU5,CP01191,8.70924264115367
quintile_revenu,QU5,CP01192,0.9307587555431404
quintile_revenu,QU5,CP01193,1.5374140158525087
quintile_revenu,QU5,CP01194,0.4321379936450295
quintile_revenu,QU5,CP01199,0.7063794126889904
quintile_revenu,QU5,CP01210,1.526004360012457
quintile_revenu,QU5,CP01220,2.049205854873871
quintile_revenu,QU5,CP01230,0.6104017440049829
quintile_revenu,QU5,CP01240,0.0
quintile_revenu,QU5,CP01250,1.84366241046403
quintile_revenu,QU5,CP01260,1.8312052320149486
quintile_revenu,QU5,CP01290,0.6179047483874724
quintile_revenu,QU5,CP01300,0.0
quintile_revenu,QU5,CP02110,4.09700427960057
quintile_revenu,QU5,CP02121,5.215406562054208
quintile_revenu,QU5,CP02122,0.09129814550641939
quintile_revenu,QU5,CP02130,2.5962910128388015
quintile_revenu,QU5,CP02190,0.0
quintile_revenu,QU5,CP02200,0.0
quintile_revenu,QU5,CP02301,2.963585969607187
quintile_revenu,QU5,CP02302,0.10857306699799292
quintile_revenu,QU5,CP02309,0.451113447386027
quintile_revenu,QU5,CP02400,0.0
quintile_revenu,QU5,CP03110,0.0
quintile_revenu,QU5,CP03121,9.839774808989768
quintile_revenu,QU5,CP03122,13.280371743889905
quintile_revenu,QU5,CP03123,0.905857647111389
quintile_revenu,QU5,CP03124,0.0
quintile_revenu,QU5,CP03131,2.6261561145614585
quintile_revenu,QU5,CP03132,0.2825611009338278
quintile_revenu,QU5,CP03141,0.9307895089584917
quintile_revenu,QU5,CP03142,0.16621241231401634
quintile_revenu,QU5,CP03211,3.434807581849512
quintile_revenu,QU5,CP03212,5.548535324526134
quintile_revenu,QU5,CP03213,1.2769885047270622
quintile_revenu,QU5,CP03220,0.27570361860999426
quintile_revenu,QU5,CP04110,25.0
quintile_revenu,QU5,CP04121,0.0
quintile_revenu,QU5,CP04122,0.0
quintile_revenu,QU5,CP04210,84.5
quintile_revenu,QU5,CP04220,84.5
quintile_revenu,QU5,CP04311,2.550603909871161
quintile_revenu,QU5,CP04312,0.0
quintile_revenu,QU5,CP04320,15.30367015068747
quintile_revenu,QU5,CP04411,3.5366772977674694
quintile_revenu,QU5,CP04412,0.0
quintile_revenu,QU5,CP04420,3.4375181211945494
quintile_revenu,QU5,CP04431,4.503479269353436
quintile_revenu,QU5,CP04432,0.0
quintile_revenu,QU5,CP04441,2.206291678747463
quintile_revenu,QU5,CP04449,0.057842853000869825
quintile_revenu,QU5,CP04510,19.431506849315067
quintile_revenu,QU5,CP04521,7.643835616438356
quintile_revenu,QU5,CP04522,1.2602739726027399
quintile_revenu,QU5,CP04530,5.164383561643835
quintile_revenu,QU5,CP04541,0.0
quintile_revenu,QU5,CP04542,0.910958904109589
quintile_revenu,QU5,CP04543,0.226027397260274
quintile_revenu,QU5,CP04549,0.0
quintile_revenu,QU5,CP04550,1.3630136986301369
quintile_revenu,QU5,CP05111,10.276430002225686
quintile_revenu,QU5,CP05112,0.24215446249721795
quintile_revenu,QU5,CP05113,0.23458713554417984
quintile_revenu,QU5,CP05114,0.4028203230981777
quintile_revenu,QU5,CP05120,1.688008380175673
quintile_revenu,QU5,CP05211,0.5732009925558312
quintile_revenu,QU5,CP05212,0.9975186104218363
quintile_revenu,QU5,CP05213,0.8411910669975184
quintile_revenu,QU5,CP05219,0.5880893300248139
quintile_revenu,QU5,CP05220,0.0
quintile_revenu,QU5,CP05311,2.8846815834767643
quintile_revenu,QU5,CP05312,0.8055077452667814
quintile_revenu,QU5,CP05313,0.5370051635111875
quintile_revenu,QU5,CP05314,0.3235800344234079
quintile_revenu,QU5,CP05319,0.0
quintile_revenu,QU5,CP05321,0.7053121166175836
quintile_revenu,QU5,CP05322,0.10141742853324733
quintile_revenu,QU5,CP05329,0.19965576592082615
quintile_revenu,QU5,CP05330,0.6471600688468158
quintile_revenu,QU5,CP05401,0.4716870986573264
quintile_revenu,QU5,CP05402,0.46701692936368944
quintile_revenu,QU5,CP05403,0.8569760653823701
quintile_revenu,QU5,CP05404,0.0
quintile_revenu,QU5,CP05510,1.5220708446866487
quintile_revenu,QU5,CP05521,0.9269754768392371
quintile_revenu,QU5,CP05522,1.5106267029972753
quintile_revenu,QU5,CP05530,1.968392370572207
quintile_revenu,QU5,CP05611,12.439199589533095
quintile_revenu,QU5,CP05619,5.219784776305875
quintile_revenu,QU5,CP05621,3.6121087737301187
quintile_revenu,QU5,CP05629,0.6321190354027707
quintile_revenu,QU5,CP06111,8.975031301051656
quintile_revenu,QU5,CP06112,0.0
quintile_revenu,QU5,CP06121,0.07465367995329474
quintile_revenu,QU5,CP06122,0.03082851637764933
quintile_revenu,QU5,CP06123,0.3452793834296725
quintile_revenu,QU5,CP06131,2.5157587271207276
quintile_revenu,QU5,CP06132,0.49325626204238926
quintile_revenu,QU5,CP06133,0.14797687861271677
quintile_revenu,QU5,CP06140,0.0
quintile_revenu,QU5,CP06211,0.0
quintile_revenu,QU5,CP06219,0.48871286870098407
quintile_revenu,QU5,CP06221,0.376226826608506
quintile_revenu,QU5,CP06229,2.84060951036197
quintile_revenu,QU5,CP06231,4.082878953107961
quintile_revenu,QU5,CP06232,0.0
quintile_revenu,QU5,CP06310,0.4011976047904192
quintile_revenu,QU5,CP06320,0.08982035928143713
quintile_revenu,QU5,CP06410,0.5200406166946369
quintile_revenu,QU5,CP06420,0.11763427561735021
quintile_revenu,QU5,CP07111,47.49649368863955
quintile_revenu,QU5,CP07112,25.507713884992988
quintile_revenu,QU5,CP07120,2.935483870967742
quintile_revenu,QU5,CP07130,2.060308555399719
quintile_revenu,QU5,CP07140,0.0
quintile_revenu,QU5,CP07211,0.273787392259591
quintile_revenu,QU5,CP07212,1.2878147709988168
quintile_revenu,QU5,CP07213,1.980078126224348
quintile_revenu,QU5,CP07221,11.924961973973296
quintile_revenu,QU5,CP07222,8.208551630894034
quintile_revenu,QU5,CP07223,0.0507013689369613
quintile_revenu,QU5,CP07224,0.6844684806489775
quintile_revenu,QU5,CP07230,18.435017745479126
quintile_revenu,QU5,CP07241,1.8556701030927834
quintile_revenu,QU5,CP07242,3.128274463410512
quintile_revenu,QU5,CP07243,2.73787392259591
quintile_revenu,QU5,CP07244,0.7858712185229001
quintile_revenu,QU5,CP07311,4.341542449773169
quintile_revenu,QU5,CP07312,0.47634478289047316
quintile_revenu,QU5,CP07321,4.3959818535320805
quintile_revenu,QU5,CP07322,1.2793259883344135
quintile_revenu,QU5,CP07323,0.0
quintile_revenu,QU5,CP07329,0.0
quintile_revenu,QU5,CP07331,2.157161373946857
quintile_revenu,QU5,CP07332,6.124432922877512
quintile_revenu,QU5,CP07340,0.2721970187945561
quintile_revenu,QU5,CP07350,1.4154244977316917
quintile_revenu,QU5,CP07360,0.0
quintile_revenu,QU5,CP07411,0.7388535031847134
quintile_revenu,QU5,CP07412,0.2611464968152866
quintile_revenu,QU5,CP07491,0.47634478289047316
quintile_revenu,QU5,CP07492,0.0
quintile_revenu,QU5,CP08110,0.148493543758967
quintile_revenu,QU5,CP08120,2.2274031563845056
quintile_revenu,QU5,CP08131,2.103345374587718
quintile_revenu,QU5,CP08132,1.1985906874388537
quintile_revenu,QU5,CP08140,1.703785142139155
quintile_revenu,QU5,CP08150,0.3317103816554107
quintile_revenu,QU5,CP08191,0.0
quintile_revenu,QU5,CP08192,0.07538872310350245
quintile_revenu,QU5,CP08200,0.0
quintile_revenu,QU5,CP08310,1.0563056152193926
quintile_revenu,QU5,CP08320,7.670297637312059
quintile_revenu,QU5,CP08330,3.5757533226870084
quintile_revenu,QU5,CP08340,4.515188708192698
quintile_revenu,QU5,CP08350,2.0202435892331385
quintile_revenu,QU5,CP08391,0.0
quintile_revenu,QU5,CP08392,5.158129175946548
quintile_revenu,QU5,CP08399,0.0
quintile_revenu,QU5,CP09111,0.3467881262761112
quintile_revenu,QU5,CP09112,0.06784985079315219
quintile_revenu,QU5,CP09113,0.0
quintile_revenu,QU5,CP09121,1.129119170984456
quintile_revenu,QU5,CP09122,0.0
quintile_revenu,QU5,CP09123,1.024663212435233
quintile_revenu,QU5,CP09124,0.0
quintile_revenu,QU5,CP09129,0.32331606217616576
quintile_revenu,QU5,CP09211,1.6756038112120542
quintile_revenu,QU5,CP09212,3.5111898958564147
quintile_revenu,QU5,CP09213,0.0
quintile_revenu,QU5,CP09221,2.8124223811751436
quintile_revenu,QU5,CP09222,1.321958785730113
quintile_revenu,QU5,CP09311,1.5577221360514069
quintile_revenu,QU5,CP09312,3.393308220695768
quintile_revenu,QU5,CP09321,0.2778639485929537
quintile_revenu,QU5,CP09322,3.3848881010414353
quintile_revenu,QU5,CP09410,0.0
quintile_revenu,QU5,CP09421,0.0
quintile_revenu,QU5,CP09422,1.0085417219612958
quintile_revenu,QU5,CP09431,0.0
quintile_revenu,QU5,CP09432,0.0
quintile_revenu,QU5,CP09440,0.18515676316427132
quintile_revenu,QU5,CP09450,2.6453570514196754
quintile_revenu,QU5,CP09461,2.472160356347439
quintile_revenu,QU5,CP09462,5.959910913140312
quintile_revenu,QU5,CP09463,1.7238307349665924
quintile_revenu,QU5,CP09470,0.0
quintile_revenu,QU5,CP09510,0.1193782383419689
quintile_revenu,QU5,CP09520,0.6860373802418722
quintile_revenu,QU5,CP09610,7.616926503340757
quintile_revenu,QU5,CP09620,3.140311804008909
quintile_revenu,QU5,CP09630,1.683741648106904
quintile_revenu,QU5,CP09690,0.7851610269051765
quintile_revenu,QU5,CP09711,0.7128872716139587
quintile_revenu,QU5,CP09719,2.1543296669652596
quintile_revenu,QU5,CP09721,1.8615363771846634
quintile_revenu,QU5,CP09722,2.869529874000813
quintile_revenu,QU5,CP09730,0.5934155263514429
quintile_revenu,QU5,CP09740,2.324888226527571
quintile_revenu,QU5,CP09800,0.0
quintile_revenu,QU5,CP10101,0.0
quintile_revenu,QU5,CP10102,1.0
quintile_revenu,QU5,CP10200,1.0
quintile_revenu,QU5,CP10300,0.0
quintile_revenu,QU5,CP10400,5.0
quintile_revenu,QU5,CP10501,1.237044638276039
quintile_revenu,QU5,CP10509,0.0
quintile_revenu,QU5,CP11111,41.84846133329995
quintile_revenu,QU5,CP11112,1.0777371786957064
quintile_revenu,QU5,CP11121,7.8278000729660695
quintile_revenu,QU5,CP11129,7.722728931047063
quintile_revenu,QU5,CP11201,8.365217391304348
quintile_revenu,QU5,CP11202,7.513043478260871
quintile_revenu,QU5,CP11203,1.1217391304347828
quintile_revenu,QU5,CP11209,0.0
quintile_revenu,QU5,CP12110,0.0
quintile_revenu,QU5,CP12120,32.83084862385321
quintile_revenu,QU5,CP12130,13.953555045871559
quintile_revenu,QU5,CP12141,15.215596330275229
quintile_revenu,QU5,CP12142,0.0
quintile_revenu,QU5,CP12190,0.0
quintile_revenu,QU5,CP12210,0.0
quintile_revenu,QU5,CP12220,4.0
quintile_revenu,QU5,CP12291,0.0
quintile_revenu,QU5,CP12299,0.0
quintile_revenu,QU5,CP13111,0.7713762501760811
quintile_revenu,QU5,CP13112,0.0
quintile_revenu,QU5,CP13120,20.806310747992676
quintile_revenu,QU5,CP13131,7.411466403718834
quintile_revenu,QU5,CP13132,2.3245527539090016
quintile_revenu,QU5,CP13211,1.6441599438793408
quintile_revenu,QU5,CP13212,0.07628902139600141
quintile_revenu,QU5,CP13220,0.0
quintile_revenu,QU5,CP13291,1.4284461592423712
quintile_revenu,QU5,CP13292,0.0
quintile_revenu,QU5,CP13301,1.2581037277147487
quintile_revenu,QU5,CP13302,10.052674230145866
quintile_revenu,QU5,CP13303,3.6892220421393844
quintile_revenu,QU5,CP13309,0.0
quintile_revenu,QU5,CP13901,0.0
quintile_revenu,QU5,CP13902,0.0
quintile_revenu,QU5,CP13909,21.515072083879424
